Period,Principal Due,Interest Due,Total,Recoveries,Balance
1,309386.66196991905,392235.62525697437,701622.2872268935,19996.757383295,28005600.882610045
2,313646.7380594293,387975.5491674629,701622.2872268922,0,27691954.144550655
3,317816.9671956135,383509.71908800595,701326.6862836194,5372.224345140875,27363501.750935588
4,322056.0713447698,378967.4601868017,701023.5315315714,6238.1191808192925,27031225.155771833
5,326311.6869178278,374285.0442893729,700596.7312072008,7964.553508693045,26689278.220516376
6,330307.23547373177,369313.9129977594,699621.1484714912,18767.894286746807,26323980.377817873
7,334858.8224245838,364762.3260469077,699621.1484714914,0,25989121.555393312
8,339473.9472591924,360147.2012122983,699621.1484714907,0,25649647.60813412
9,343224.82932883373,354586.04619126697,697810.8755201007,38577.4021134976,25234978.88782684
10,347753.8807337499,349632.8130831393,697386.6938168892,10822.237480740754,24869270.615077842
11,352097.3686185137,344431.29862324294,696528.6672417566,15696.151160182391,24489316.160402603
12,356247.98293838877,338862.663541866,695110.6464802548,25943.76701434631,24084419.596118856
13,360687.2993966652,333506.01643482037,694193.3158314856,15285.493061972977,23696391.955455683
14,364631.3962399851,327738.8560425377,692370.2522825229,37694.4893973116,23267563.571112808
15,369298.8184993784,322456.93090798776,691755.7494073662,11684.343491759211,22877776.681707643
16,374164.8964336488,317049.88787089713,691214.784304546,10394.50330352001,22485121.748474367
17,379331.32593670994,311883.4583678361,691214.784304546,0,22105790.42253763
18,383862.38034306193,306154.1981871603,690016.5785302222,23131.074626399706,21683903.771975085
19,388861.3415562206,300671.6365844902,689532.9781407109,10557.34688525855,21278496.360869367
20,394235.20798912516,295297.7701515865,689532.9781407117,0,20884261.1528803
21,398831.8163210834,289344.33381840284,688176.1501394862,25743.825002349848,20447078.904066175
22,404345.9957707784,283830.154368708,688176.1501394864,0,20042732.908295397
23,409125.3754839707,277622.5830215103,686747.958505481,30085.225941537356,19586142.467728212
24,414233.27354301227,271656.9990946154,685890.2726376277,16106.60774047433,19146268.879184354
25,418403.5323471813,265235.34603713755,683638.8783843189,42943.08182479215,18672246.582027942
26,423933.3484306477,259228.86612221494,683162.2145528626,11043.281376331535,18231892.51657944
27,429442.320451884,253191.77511950015,682634.0955713842,10451.077742374597,17789344.38388237
28,435201.5662593573,247087.86038293567,682289.426642293,6976.636856383778,17343336.378977366
29,440815.6966473637,240869.59928434933,681685.2959317131,12180.513727487662,16888513.63583244
30,446147.18291362043,234240.45440857176,680387.6373221922,24828.970416132233,16407665.680672172
31,452329.3610578737,228058.27626431873,680387.6373221924,0,15955336.319614325
32,458135.19188291975,221523.31817437094,679658.5100572907,14788.2144798563,15477685.364857914
33,464219.3669084994,214961.38154153217,679180.7484500315,9262.863040401126,14999818.642914796
34,470155.15205249423,208291.27634928824,678446.4284017824,14691.08289873107,14512416.29985184
35,476448.68270526244,201642.94779495345,678091.6305002159,8960.528442251712,14026327.180756412
36,482737.17225903925,194884.63297764052,677621.8052366797,8529.16804492238,13533531.538904944
37,488770.50847306376,187789.02059601198,676559.5290690757,28307.059497859147,13019559.484537635
38,494972.8267795573,180764.44837150263,675737.27515106,17123.115498230516,12505013.341006394
39,501531.2311597283,173761.9326888698,675293.1638485981,8714.955038397016,11993864.31662176
40,507593.52070835076,166641.51246110673,674235.0331694575,19441.54318973025,11473412.800630482
41,514639.90141802136,159595.13175143578,674235.0331694571,0,10958772.899212455
42,520978.2665691998,152119.96495085536,673098.2315200551,21702.55056505552,10416021.3974822
43,528212.2841486656,144885.94737138972,673098.2315200553,0,9887809.113333533
44,533812.1088631123,137247.7059426494,671059.8148057617,37131.81549883892,9332906.812433893
45,540535.3553826738,129645.35551786658,670180.7109005403,16580.362655298024,8778659.747117987
46,546440.9116691409,121652.24666769615,668093.1583368371,41383.664632159314,8197564.083784469
47,553810.0367534504,113992.02981654124,667802.0665699916,5724.327132658845,7639434.702892587
48,561142.7123327261,106180.29145676031,667323.0037894864,11223.529460837744,7068299.045414432
49,568182.2783404412,98296.64897700948,666478.9273174506,15565.730454561013,6494360.980799899
50,575387.4393496338,90321.72667371962,665709.1660233533,14309.40000168769,5914070.537769124
51,536077.4078650903,82321.07288067222,618398.4807457625,0,5377993.129904036
52,526848.5932102886,74834.94725830769,601683.5404685963,10070.162161924938,4849398.661124077
53,513440.2891266095,67461.63423259101,580901.9233592005,8997.235173169662,4332589.246230767
54,493915.5891707177,60211.461240925964,554127.0504116437,27174.17971583014,3831448.079761024
55,467564.4865771354,53210.25651321171,520774.7430903471,24252.42344009056,3356145.3544751382
56,444918.6672572478,46701.77386277848,491620.4411200263,0,2911226.687217888
57,419393.6295237121,40504.53140209197,459898.16092580406,29974.340443199453,2491833.05769418
58,382941.6243663296,34654.73351019353,417596.3578765231,7276.682190498857,2108113.6749127633
59,347172.42153396335,29292.847339766893,376465.26887373027,8059.058004539503,1758492.798019385
60,315569.1693521154,24471.17574400133,340040.34509611677,0,1442923.6286672733
61,274144.5286446921,20079.573549510016,294224.10219420213,31289.130994771942,1168779.1000225814
62,230797.92863811093,16187.300657340273,246985.2292954512,40830.051219567766,931559.9830455367
63,193042.7911703053,12880.019479698141,205922.81065000346,52776.11057506085,731723.9198578462
64,169191.00827687304,10201.46398413252,179392.47226100555,35120.09745558623,562532.9115809716
65,136102.46230501833,7849.285841079554,143951.74814609787,21223.92739398798,426430.44927595364
66,114369.7713452369,5903.535204870914,120273.30655010782,26881.011187576194,307858.3708295207
67,95275.02877276737,4306.189786869967,99581.21855963735,22253.296775346396,211748.44223259162
68,75518.65057004092,2964.80919160221,78483.45976164313,16442.303710204036,135358.5143077142
69,55138.23192637312,1900.8006094143557,57039.032535787475,35350.4134269479,80220.28238134089
70,47864.42335621832,1126.7165642045272,48991.13992042285,26874.080848784455,32355.859025122616
71,32355.85902512254,453.4980107497447,32809.357035872286,0,1.9281287677586079e-10
72,-2.8436368699355326e-12,2.8436368699355326e-12,0.0,26610.905512336067,0
